id,´ú¯¸¦WºÙ,date,pH,¾É¹q«×,´â¤Æª«,µv»Ä®Ú,²¸»Ä®Ú,²BÂ÷¤l,»Ï®ÚÂ÷¤l,¶uÂ÷¤l,¹[Â÷¤l,ÁâÂ÷¤l,¶tÂ÷¤l,Sum
N01,Às¼æ,20150707,6.33,21.2,83.63,27.98,38.35,0.47,24.73,77,2.46,20.33,52.35,329.74
N01,Às¼æ,20150709,6.35,21.2,84.68,28.34,38.64,0.45,23.62,78.17,2.86,20.57,53.74,333.55
N01,Às¼æ,20150729,5.12,17.36,51.28,22.64,37.06,7.59,31.21,39.26,2.17,13.25,20.71,227.05
N01,Às¼æ,20150730,4.6,25.8,9.08,55.19,62.5,25.12,56.99,6.26,1.43,4.03,32.98,255.81
N01,Às¼æ,20150806,4.59,25.7,9.17,54.42,61.73,25.7,55.83,6.43,1.53,4.11,31.64,252.69
N01,Às¼æ,20150824,5.11,17.58,52.1,23.06,37.77,7.76,31.71,39.96,2.15,13.66,21.11,231.22
N01,Às¼æ,20150825,5.12,17.25,51.79,22.76,37.23,7.59,29.66,39.91,2.23,13.5,20.26,226.7
N01,Às¼æ,20150907,5.98,11.15,11.48,25.85,30.15,1.05,35.98,9.96,1.74,11.19,39.77,169.03
N01,Às¼æ,20150916,6.03,8.04,8.29,19.16,20.76,0.93,19.29,7.3,1.66,11.27,36.58,126.91
N01,Às¼æ,20151009,4.76,20.1,35.85,31.32,47.16,17.38,34.87,31.26,2.1,15.06,28.19,245.04
N01,Às¼æ,20151024,4.76,20.2,35.65,31.34,47.51,17.38,35.42,30.65,2.07,15.06,26.85,243.82
N01,Às¼æ,20151112,6.78,56.2,118.87,121.87,105.75,0.17,77.27,103.15,10.14,41.76,350.42,956.64
N01,Às¼æ,20151123,4.53,77.7,300.87,104.6,126.68,29.51,105.36,266.06,11.57,71.87,93.68,1128.27
N01,Às¼æ,20151206,6.26,21.9,50.69,39.69,50.18,0.55,48.79,40.91,1.92,18.51,59.78,314.12
N01,Às¼æ,20151210,5.25,5.56,5.47,8.26,8.02,5.62,2.33,3.74,0.74,7.08,4.29,45.92
N01,Às¼æ,20151211,5.23,5.43,5.47,8.24,8.12,5.89,4.49,3.78,0.72,6.25,4.44,47.82
N01,Às¼æ,20151227,4.56,32.4,28.24,50.9,75.67,27.54,55.57,26.43,3.27,12.86,28.58,331.7
N01,Às¼æ,20151228,4.55,31.9,28.59,50.36,74.88,28.18,54.2,26.96,3.02,10.9,27.81,327.44
N01,Às¼æ,20160102,5.83,13.31,27.3,27,28.55,1.48,44.63,26.48,2.1,11.52,18.66,190.64
N01,Às¼æ,20160103,5.87,12.96,26.2,27.01,28.44,1.35,41.97,24.83,1.3,11.93,18.91,184.72
N01,Às¼æ,20160104,5.84,12.96,26.18,27.03,28.44,1.45,45.18,24.91,1.41,11.6,18.96,187.99
N01,Às¼æ,20160106,5.02,10.87,4.68,19.42,25.59,9.55,20.46,3.09,0.69,7.49,16.27,108.9
N01,Às¼æ,20160107,5.24,14,38.22,15,31.71,5.75,16.91,33.96,1.48,13.82,25.1,184.37
N01,Às¼æ,20160108,5.17,14.56,37.8,15.06,31.31,6.76,15.13,33.65,1.3,13.99,24.6,181.66
N01,Às¼æ,20160111,4.64,31.9,63.9,37.02,66.41,22.91,48.15,63.19,8.48,25.93,34.46,389.34
N01,Às¼æ,20160112,4.74,17.99,42.76,19.74,35.17,18.2,23.06,37.48,¤p©óMDL,10.2,13.77,200.38
N01,Às¼æ,20160113,4.72,18.25,42.73,19.63,35.27,19.05,21.57,38,¤p©óMDL,10.2,14.17,200.63
N01,Às¼æ,20160116,4.87,16.24,34.44,30.3,29.75,13.49,19.96,28.43,¤p©óMDL,9.63,25.9,191.9
N01,Às¼æ,20160117,4.87,16.1,34.27,30.06,29.44,13.49,21.62,28.48,¤p©óMDL,9.79,26.3,193.45
N01,Às¼æ,20160118,4.89,16.03,34.3,30.13,29.67,12.88,19.18,28.22,¤p©óMDL,9.63,26.95,190.95
N01,Às¼æ,20160119,4.25,72.5,157.3,129.49,142.11,56.23,107.74,151.67,14.63,52.04,94.14,905.35
N01,Às¼æ,20160121,4.76,21.1,22.82,41.19,55.7,17.38,48.51,22.57,¤p©óMDL,9.05,31.49,248.69
N01,Às¼æ,20160122,4.67,24.2,23.86,42.84,65.17,21.38,56.66,18.39,2.17,9.87,36.28,276.62
N01,Às¼æ,20160123,4.63,16.56,30.6,10.56,32.15,23.44,11.2,28.13,¤p©óMDL,6.67,8.13,150.89
N01,Às¼æ,20160124,4.55,23.6,49.22,23.29,44.79,28.18,24.45,43.43,1.66,11.68,17.61,244.32
N01,Às¼æ,20160128,4.46,32.2,66.02,40.27,63.57,34.67,34.47,60.26,10.31,29.29,41.72,380.57
N01,Às¼æ,20160129,5.11,5.92,4.06,7.84,12.85,7.76,6.76,2.61,¤p©óMDL,¤p©óMDL,5.99,47.87
N01,Às¼æ,20160130,4.78,11.07,12.16,12.35,23.13,16.6,13.86,9.48,¤p©óMDL,3.37,7.63,98.58
N01,Às¼æ,20160201,4.32,38.8,74.75,38.47,82.49,47.86,52.17,67.73,10.99,29.43,30.39,434.27
N01,Às¼æ,20160202,4.77,10.82,11.79,12.37,23.22,16.98,14.41,9.52,¤p©óMDL,3.37,6.19,97.85
N01,Às¼æ,20160205,4.79,11.03,12.38,12.64,23.47,16.22,15.02,10.43,¤p©óMDL,3.29,7.14,100.6
N01,Às¼æ,20160206,4.5,38.7,86.16,44.49,93.53,31.62,83.1,78.15,12.21,32.42,33.76,518.79
N01,Às¼æ,20160215,4.51,43.1,84.36,63.64,103.12,30.9,115.79,77.41,14.19,32.16,32.8,554.38
N01,Às¼æ,20160217,4.27,50.1,45.69,87.05,123.51,53.7,106.82,40.04,14.16,25.93,54.97,551.86
N01,Às¼æ,20160219,4.64,25.8,18.9,47.85,81.68,22.91,89.64,12.13,3.22,4.94,21.11,302.38
N01,Às¼æ,20160224,4.69,58.4,105.58,106.28,175.43,20.42,163.99,97.02,17.22,42.45,89.92,842.1
N01,Às¼æ,20160227,4.68,46.5,68.42,84.23,137.11,20.89,135.58,63.95,14.35,32.93,69.99,650.66
N01,Às¼æ,20160310,5.08,13.16,11.11,23.01,33.67,8.32,44.79,9.7,6.98,6.75,14.62,160.45
N01,Às¼æ,20160311,5.04,13.08,11.17,23.21,33.69,9.12,41.74,9.39,6.88,6.34,14.22,156.76
N01,Às¼æ,20160312,5.06,13.05,11.28,23.19,34.17,8.71,44.63,9.61,6.98,6.5,15.22,161.71
N01,Às¼æ,20160313,5.03,13.11,11.11,23.13,33.79,9.33,44.24,9.35,6.8,6.42,13.87,159.56
N01,Às¼æ,20160314,5.02,19.12,10.86,43,49.28,9.55,80.55,7.22,8.21,7.41,17.61,235.61
N01,Às¼æ,20160316,4.71,19.38,17.49,28.38,43.14,19.5,45.85,14.61,7.19,8.39,16.97,203.3
N01,Às¼æ,20160317,4.95,19.59,10.24,42.8,49.32,11.22,80.27,6.83,8.26,7.65,19.31,237.97
N01,Às¼æ,20160318,4.95,19.47,10.63,43.04,49.6,11.22,80.38,7.04,8.52,7.16,19.16,239.01
N01,Às¼æ,20160319,4.97,19.55,10.3,43.03,49.14,10.72,80.77,6.65,8.31,7.24,18.81,237.55
N01,Às¼æ,20160320,5.06,18.16,13.99,36.63,47.24,8.71,71.18,10.91,7.85,7.98,18.86,225.4
N01,Às¼æ,20160323,4.7,25.4,16.05,50.17,62.63,19.95,76.67,10.35,7.03,8.48,29.14,284.97
N01,Às¼æ,20160325,5.02,13.75,31.76,16.27,28.42,9.55,21.57,28.09,6.14,12.34,19.66,175.23
N01,Às¼æ,20160326,5.02,13.76,32.1,15.89,27.78,9.55,19.35,28.35,6.01,11.85,19.76,172.17
N01,Às¼æ,20160411,4.78,32.9,30.64,81.99,90.81,16.6,111.17,25.21,3.73,12.17,50.14,438.49
N01,Às¼æ,20160413,5.29,8.51,5.56,15.16,20.8,5.13,29.71,6,4.89,n.a.,5.49,92.95
N01,Às¼æ,20160414,5.33,12.4,13.54,28.26,30.84,4.68,39.19,13,5.22,n.a.,11.58,147.53
N01,Às¼æ,20160415,4.68,27.6,12.78,62.75,70.65,20.89,86.54,8.39,8.95,¤p©óMDL,25.1,298.26
N01,Às¼æ,20160418,4.56,35.8,37.55,73.07,93.88,27.54,100.04,36.76,5.58,15.05,41.7,454.7
N01,Às¼æ,20160424,5.1,25.5,28.01,60.79,71.1,7.94,101.12,24.87,11.07,2.72,28.89,340.71
N01,Às¼æ,20160427,4.47,19.52,10.83,41.27,48.91,33.88,59.43,10.3,2.61,n.a.,11.93,220.43
N01,Às¼æ,20160428,4.97,6.65,3.36,13.14,16.93,10.72,14.64,3.09,¤p©óMDL,n.a.,5.94,67.8
N01,Às¼æ,20160503,5.34,30.6,23.37,92.94,106.4,4.57,138.84,31.33,3.1,25.31,66.01,514.19
N01,Às¼æ,20160510,4.86,24.7,29.62,73.25,57.34,13.8,92.91,31.09,5.58,4.36,22.16,333.43
N01,Às¼æ,20160515,4.79,11.5,8.32,27.59,26.07,16.22,29.44,7,1.89,n.a.,8.38,126.7
N01,Às¼æ,20160521,4.8,11.28,8.43,27.68,26.32,15.85,32.43,7.3,1.97,n.a.,8.88,130.68
N01,Às¼æ,20160522,4.84,10.76,8.26,27.72,26.28,14.45,31.71,6.83,1.79,n.a.,10.68,129.4
N01,Às¼æ,20160524,4.8,11.09,8.21,27.38,25.88,15.85,29.49,6.87,1.56,n.a.,12.52,129.55
N01,Às¼æ,20160603,6.02,24.1,31.56,75.01,68.1,0.95,49.89,27.74,5.55,17.44,94.46,375.59
N01,Às¼æ,20160605,6.02,23.8,31.7,75.24,68.21,0.95,50.56,28.13,5.4,17.28,94.21,376.65
N01,Às¼æ,20160606,6.02,23.5,31.39,74.9,67.88,0.95,48.23,28.43,5.65,16.38,93.86,372.27
N01,Às¼æ,20160609,6.21,18.91,9,73.28,46.74,0.62,35.59,6.65,3.56,10.04,96.36,285.04
N01,Às¼æ,20160610,6.22,19.3,9.34,73.07,46.66,0.6,36.7,6.78,4.09,10.45,96.11,287.19
N01,Às¼æ,20160613,6.58,14.95,18.25,25,24.67,0.26,30.88,16.26,5.09,11.36,62.82,196.55
N01,Às¼æ,20160615,6.57,15.01,18.5,25.24,24.92,0.27,28.49,17.17,5.09,10.45,65.97,198.02
N02,®ç¶é,20150719,6.2,14.39,12.07,48.01,29.77,0.63,31.82,12.22,1.66,7.65,60.33,208.21
N02,®ç¶é,20150720,6.2,14.51,12.04,48.42,30.04,0.63,30.82,12.17,1.66,7.74,59.73,207.37
N02,®ç¶é,20150728,6.79,31.6,25.63,78.53,82.39,0.16,87.45,22.66,5.57,12.41,184.3,549.28
N02,®ç¶é,20150729,6.7,31.8,25.69,78.78,84.03,0.2,91.76,23.17,5.9,12.27,185.31,557.33
N02,®ç¶é,20150806,6.43,27.4,9.67,73.2,89.24,0.37,48.29,5.04,1.48,11.11,153.24,399.57
N02,®ç¶é,20150807,6.38,8.94,20.39,5.05,20.3,0.42,10.03,15.17,1.25,6.83,34.13,117.16
N02,®ç¶é,20150810,6.55,12.24,58.95,1.76,11.97,0.28,1.33,45.35,1.89,13.5,35.93,171.67
N02,®ç¶é,20150817,6.92,15.38,9.53,19.34,15.51,0.12,22.84,6.96,2.05,7.24,99.6,190.47
N02,®ç¶é,20150820,4.85,20.6,9.31,47.3,58.82,14.13,52,8.52,2.15,11.85,42.76,249.37
N02,®ç¶é,20150823,6.51,19.07,71.19,5.39,36.42,0.31,8.43,69.04,10.28,19.67,61.88,284.73
N02,®ç¶é,20150825,4.67,28.3,75.93,22.69,66.36,21.38,39.31,65.48,3.25,22.46,33.98,352.54
N02,®ç¶é,20150827,4.84,25.8,16.33,59.08,78.89,14.45,45.46,15.35,2.84,18.27,74.75,333.91
N02,®ç¶é,20150829,5.31,22.7,28.46,44.88,76.23,4.9,88.59,21.52,3.17,13.25,40.72,327.87
N02,®ç¶é,20150830,5.51,16.59,17.83,40.66,43.93,3.09,75.62,12.83,2.05,11.68,31.89,245.09
N02,®ç¶é,20150901,5.17,10.42,11.9,13.66,31.81,6.76,23.95,9.3,1.71,10.12,23.65,135.23
N02,®ç¶é,20150928,5.71,57.9,293.88,38.82,113.36,1.95,46.45,260.65,12.53,84.11,123.6,975.35
N02,®ç¶é,20151002,6.33,22.7,128.45,3.48,25.42,0.47,5.1,114.35,3.38,27.15,36.08,344.34
N02,®ç¶é,20151009,5.87,22.7,24.88,47.88,85.45,1.35,26.55,22.3,2.69,16.13,105.79,337.96
N02,®ç¶é,20151011,6.11,31.7,38.7,74.54,104.56,0.78,68.84,33.59,9.01,34.45,173.09,560.55
N02,®ç¶é,20151024,4.97,163.5,769.49,166.16,414.63,10.72,182.89,628.26,24.93,177.12,285.47,2686.54
N02,®ç¶é,20151112,5.95,28.2,77.48,63.56,54.2,1.12,7.65,74.91,21.05,29.29,90.52,423.83
N02,®ç¶é,20151206,5.74,20.8,70.04,34.22,46.76,1.82,21.57,67.04,3.17,21.56,110.93,379.33
N02,®ç¶é,20151207,5.73,19.79,94.63,12.79,29.88,1.86,4.38,84.65,4.02,24.03,38.07,297.11
N02,®ç¶é,20151211,6.02,44.8,153.56,48.82,94.57,0.95,78.18,142.81,9.03,47.96,122.57,730.1
N02,®ç¶é,20151225,5.99,101.5,371.03,204.15,233.11,1.02,80.13,360.47,15.17,94.67,331.39,1719.86
N02,®ç¶é,20151227,4.42,51,51.33,86.09,132.61,38.02,66.41,50.8,5.47,17.9,96.5,567
N02,®ç¶é,20160103,5.74,29.9,74.61,50.9,80.83,1.82,41.63,81.7,8.29,23.7,87.13,464.14
N02,®ç¶é,20160104,6.04,23.5,58.11,23.34,78.7,0.91,24.34,51.04,4.22,18.27,91.82,358.35
N02,®ç¶é,20160106,5.46,14.68,44.26,21.19,33.35,3.47,17.74,40.65,4.68,12.1,35.63,214.96
N02,®ç¶é,20160111,4.58,46,122.68,50.25,104.27,26.3,50.03,110.12,10.54,35.85,78.58,607.99
N02,®ç¶é,20160112,4.82,24,86.17,14.56,44.79,15.14,19.62,78.78,2.84,20.57,18.46,302.82
N02,®ç¶é,20160113,5.01,24.5,84.93,25.32,49.2,9.77,30.93,80.22,3.99,21.48,30.24,338.58
N02,®ç¶é,20160118,5.1,10.95,15.65,19.97,28,7.94,16.13,12.74,¤p©óMDL,5.02,27.1,132.55
N02,®ç¶é,20160120,4.57,33.7,72.4,51.64,77.51,26.92,39.93,68.78,10.76,32.43,66.93,447.29
N02,®ç¶é,20160121,4.54,26,28.57,42.95,65.09,28.84,50.56,20.61,2.35,6.91,38.07,286.11
N02,®ç¶é,20160122,4.96,10.26,14.02,13.6,25.84,10.96,7.54,9.74,¤p©óMDL,3.87,21.51,107.07
N02,®ç¶é,20160123,5,18.05,93.22,7.58,21.7,10,5.6,84.74,2.12,19.01,9.28,253.25
N02,®ç¶é,20160124,4.08,125.4,482.04,107.69,197.09,83.18,115.75,416.81,19.23,107.3,103.82,1632.92
N02,®ç¶é,20160129,4.58,18.62,18.62,16.82,48.72,26.3,13.75,15.65,¤p©óMDL,5.92,27.45,173.23
N02,®ç¶é,20160130,4.93,7.43,4.94,7.42,15.2,11.75,2.61,2.96,¤p©óMDL,¤p©óMDL,9.18,54.05
N02,®ç¶é,20160201,5.29,14.03,62.67,11.14,24.05,5.13,10.42,56.13,1.82,12.75,17.66,201.78
N02,®ç¶é,20160202,5.09,8.85,22.62,9.74,16.24,8.13,8.87,18.87,¤p©óMDL,4.94,9.13,98.54
N02,®ç¶é,20160205,4.66,27.8,92.18,24.69,43.87,21.88,22.34,83.48,2.3,19.91,22.11,332.76
N02,®ç¶é,20160215,4.68,36.1,80.65,48.92,79.84,20.89,62.03,77.44,12.82,33.29,60.15,500.13
N02,®ç¶é,20160218,4.57,27,39.94,32.27,59.4,26.92,48.62,34,2.89,9.3,25.9,279.23
N02,®ç¶é,20160224,6.64,125,526.77,142.88,284.11,0.23,141.84,477.89,25.67,139.47,377.08,2142.8
N02,®ç¶é,20160226,4.41,60.8,143.39,64.22,133.86,38.9,94.27,131.83,18.38,46.93,79.99,779.5
N02,®ç¶é,20160227,4.16,47.2,22.19,29.16,127.92,69.18,47.35,24.18,10.55,21.03,40.28,391.84
N02,®ç¶é,20160310,5.03,13.56,27.3,16.6,29.84,9.33,33.76,24.26,2.92,6.09,17.61,168.34
N02,®ç¶é,20160311,4.81,18.05,59.35,9.35,26.86,15.49,10.75,52.96,6.65,15.47,13.82,215.11
N02,®ç¶é,20160313,4.82,13.43,16.3,15.74,26.88,15.14,22.01,14.22,6.27,7.32,14.07,138.21
N02,®ç¶é,20160314,4.76,13.54,16.3,16,27.03,17.38,22.18,13.96,1.97,4.03,14.72,134.5
N02,®ç¶é,20160316,4.39,31.8,61.73,161.4,351.64,40.74,328.41,48.64,13.37,23.28,159.04,1267.79
N02,®ç¶é,20160318,4.39,42.7,81.66,416,508.32,40.74,585.24,52.98,11.82,44.01,278.18,2100.8
N02,®ç¶é,20160319,4.44,36.7,13.26,70.75,74.49,36.31,116.2,7.76,3.3,5.97,34.66,378.45
N02,®ç¶é,20160321,4.32,38.4,20.98,58.49,76.56,47.86,73.98,17.99,1.97,6.08,40.57,344.48
N02,®ç¶é,20160323,5.32,17.21,17.46,30.59,52.66,4.79,41.41,16.35,7.21,9.13,54.69,236.55
N02,®ç¶é,20160324,4.93,9.79,18.39,9.37,19.32,11.75,11.81,16.48,1.43,3.54,13.67,106.64
N02,®ç¶é,20160325,4.65,38.4,158.1,27.48,54.42,22.39,33.77,146.09,0.49,43.73,33.33,519.79
N02,®ç¶é,20160326,4.88,26,67.16,29.74,64.75,13.18,48.51,52.57,8.18,14.73,38.52,338.7
N02,®ç¶é,20160410,5.65,22,35.48,49.03,65.94,2.24,78.72,31.43,11.82,4.94,43.51,325.85
N02,®ç¶é,20160412,4.9,13.46,5.87,25.63,30.36,12.59,26.44,6.61,4.04,n.a.,11.13,123.7
N02,®ç¶é,20160413,5.14,7.57,5.16,10.42,16.97,7.24,16.91,5.7,¤p©óMDL,n.a.,¤p©óMDL,64.08
N02,®ç¶é,20160414,5.75,7.43,6.23,9.89,19.59,1.78,19.35,6.87,2.66,n.a.,11.88,79.27
N02,®ç¶é,20160415,4.55,22.5,7.62,32.63,56.55,28.18,50,5.52,6.37,n.a.,15.12,204.02
N02,®ç¶é,20160416,4.62,49.6,31.13,129.6,141.03,23.99,184.74,15.51,20.45,14.77,81.28,669.55
N02,®ç¶é,20160418,4.79,18.15,31.39,25.26,41.72,16.22,40.52,26.35,5.37,¤p©óMDL,11.58,200.05
N02,®ç¶é,20160419,4.7,20.4,23.41,32.61,48.68,19.95,39.75,21.48,5.45,¤p©óMDL,27.89,220.68
N02,®ç¶é,20160424,4.55,23.6,20.42,32.13,49.51,28.18,50.17,9.43,15.63,n.a.,20.01,228.77
N02,®ç¶é,20160427,4.87,14.99,7.02,27.58,42.41,13.49,44.63,7.7,3.89,n.a.,11.13,158.99
N02,®ç¶é,20160428,4.61,21,16.61,33.76,45.85,24.55,31.88,17.48,3.66,¤p©óMDL,23.45,199.07
N02,®ç¶é,20160511,5.26,8.01,11.45,19.4,23.63,5.5,23.34,11.7,1.3,n.a.,15.77,112.09
N02,®ç¶é,20160516,4.4,21.1,12.89,27.93,40.37,39.81,21.95,11.7,1.25,n.a.,6.34,162.25
N02,®ç¶é,20160517,5.28,14.57,26.4,33.3,42.41,5.25,48.45,22.22,3.25,3.54,29.44,216.6
N02,®ç¶é,20160522,5.35,36.1,43.79,119.64,111.52,4.47,112.58,55.11,3.8,34.44,150.76,663.11
N02,®ç¶é,20160523,4.8,9.23,6.97,18.53,28.46,15.85,22.62,7.26,2.1,n.a.,16.32,118.6
N02,®ç¶é,20160524,4.46,25.6,10.52,53.29,61.8,34.67,67.47,8.43,3.61,n.a.,23.1,267.33
N02,®ç¶é,20160528,4.55,13.36,5.9,30.76,28.52,28.18,22.18,4.74,¤p©óMDL,n.a.,17.12,138.76
N02,®ç¶é,20160603,4.78,8.78,6.21,12.1,15.97,16.6,18.07,6.3,¤p©óMDL,n.a.,3.34,79.96
N02,®ç¶é,20160607,4.52,20.7,7.7,30.87,41.77,30.2,28.61,5.26,2.2,5.18,18.81,177.35
N02,®ç¶é,20160613,5.59,2.48,2.28,3.94,3.5,2.57,6.15,2.74,1.76,3.04,2.74,28.73
N02,®ç¶é,20160614,5.33,18.04,33.65,38.45,59.69,4.68,39.03,31.26,5.65,11.85,49.35,278.98
N02,®ç¶é,20160615,5.57,3.43,5.36,4.61,7.18,2.69,6.65,5.26,2.25,3.37,6.04,43.42
N02,®ç¶é,20160618,5.55,10.62,23.95,20.64,31.81,2.82,19.29,21.7,2.69,9.05,30.54,165.96
N02,®ç¶é,20160629,4.8,12.7,7.25,25.92,24.28,15.85,14.03,7.17,2.12,6.5,24.65,132.36
N02,®ç¶é,20160630,4.8,20.9,29.22,44.93,40.04,15.85,56.99,24.78,3.99,9.05,20.86,250.18
N03,¤¤Ãc,20150707,5.92,80.7,151.2,236.47,128.79,1.2,184.41,148.44,13.7,56.07,261.5,1234.02
N03,¤¤Ãc,20150710,5.6,52.2,336.6,13.8,59.57,2.51,43.21,311.71,11.08,68.48,35.26,882.23
N03,¤¤Ãc,20150711,6.37,18.21,71.73,10.21,26.69,0.43,34.93,60.48,2.2,17.2,36.38,263.11
N03,¤¤Ãc,20150720,5.05,24.8,19.46,54.01,29.69,8.91,33.37,16.7,1.87,7.57,54.99,230.3
N03,¤¤Ãc,20150729,5.9,22,28.86,57.88,52.34,1.26,75.06,26.74,2.66,10.37,45.41,304.32
N03,¤¤Ãc,20150817,6.51,7.58,6.06,8.43,9.35,0.31,18.41,4.52,1.53,3.37,36.88,93.2
N03,¤¤Ãc,20150825,4.62,21,16.13,26.53,47.89,23.99,33.37,13,2.05,10.2,26.65,201.94
N03,¤¤Ãc,20150827,4.9,11.01,4.96,18.9,21.59,12.59,22.12,3.35,1.38,8.97,16.27,112.64
N03,¤¤Ãc,20150828,5.26,7.35,3.41,15.16,15.05,5.5,17.85,1.61,1.25,8.15,17.47,87.93
N03,¤¤Ãc,20150831,5.51,6.22,10.61,6.85,14.07,3.09,9.37,8.65,1.3,9.13,17.37,82.42
N03,¤¤Ãc,20150902,5.22,6.42,4.34,11.05,11.31,6.03,10.92,3.26,1.33,9.79,14.72,72.75
N03,¤¤Ãc,20150907,4.53,24.6,23.67,36.11,39.04,29.51,37.7,21.3,1.89,12.01,19.51,222.22
N03,¤¤Ãc,20150916,5.13,6.88,14.24,5.68,8.29,7.41,3.05,12.26,1.36,9.46,9.63,71.38
N03,¤¤Ãc,20150927,4.36,123,494.86,185.51,222.55,43.65,199.88,457.6,24.62,115.05,130.87,1909.51
N03,¤¤Ãc,20150929,4.58,81.8,439.06,38.82,130.58,26.3,91.92,390.95,14.8,99.27,59.79,1291.49
N03,¤¤Ãc,20151009,5.05,6.22,2.68,6.52,10.33,8.91,2.05,2.39,1.13,7.32,19.06,62.86
N03,¤¤Ãc,20151010,4.86,14.21,33.11,13.24,24.32,13.8,20.96,27.78,2.33,12.67,15.12,169.43
N03,¤¤Ãc,20151023,3.9,148.5,436.06,130.96,302.09,125.89,210.98,401.42,20.06,98.27,64.36,1818.08
N03,¤¤Ãc,20151024,5.33,31.9,114.92,24.38,77.89,4.68,77.54,108.46,8.63,32.03,48.44,496.97
N03,¤¤Ãc,20151112,5.14,17.18,37.99,27.74,40.93,7.24,33.37,31.13,3.09,13.25,30.89,227.3
N03,¤¤Ãc,20151203,4.29,88.2,186.4,149.24,188.56,51.29,173.84,146.72,15.31,42.38,111.94,1083.17
N03,¤¤Ãc,20151206,5.02,30.2,143.82,21.32,41.24,9.55,41.05,127.38,8.56,39.9,27.69,460.51
N03,¤¤Ãc,20151207,5.07,29.7,162.33,13.84,37.48,8.51,19.24,139.87,3.73,34.89,14.67,435.82
N03,¤¤Ãc,20151210,5.19,10.31,33.17,11.48,15.41,6.46,11.36,27.43,1.07,11.85,7.39,126.47
N03,¤¤Ãc,20151212,4.26,56.9,113.67,68.22,98.77,54.95,79.54,102.9,9.55,30.63,39.1,617.09
N03,¤¤Ãc,20151225,5.09,21.9,62.28,37.79,46.83,8.13,45.96,58.83,1.99,20,24.3,307.28
N03,¤¤Ãc,20151227,4.35,37.4,31.59,42.2,74.01,44.67,37.57,31.98,3.71,9.83,14.02,289.56
N03,¤¤Ãc,20151228,4.71,21.8,43.89,15.42,49.74,19.5,35.26,37.87,1.59,14.15,11.88,229.77
N03,¤¤Ãc,20160103,4.78,30.3,45.65,51.79,66.59,16.6,57.02,45.13,8.59,22.5,50.5,382.95
N03,¤¤Ãc,20160104,5.2,7.41,2.65,6.47,19.18,6.31,22.9,1.48,1.2,3.29,6.89,72.72
N03,¤¤Ãc,20160106,5.1,5.91,4.71,5.42,10.49,7.94,5.71,4.09,1.1,3.37,¤p©óMDL,42.84
N03,¤¤Ãc,20160107,4.69,35.2,136.05,25.45,52.72,20.42,35.4,126.81,8.96,38.12,23.6,467.52
N03,¤¤Ãc,20160108,4.14,56.3,78.5,42.35,106.02,72.44,59.16,67.46,9.72,25.65,27.6,488.91
N03,¤¤Ãc,20160111,4.8,21.5,66.26,22.59,32.04,15.85,23.28,64.83,2.71,17.12,12.72,260.72
N03,¤¤Ãc,20160112,4.89,19.46,75.96,12.16,25.11,12.88,18.13,69.48,2.38,18.27,6.09,243.07
N03,¤¤Ãc,20160113,4.39,36.2,50.45,40.07,68.52,40.74,50.09,46.09,10.02,20.24,24.4,350.61
N03,¤¤Ãc,20160117,4.94,9.83,8.29,11.43,14.39,11.48,17.91,7.17,2.12,4.11,3.99,84.75
N03,¤¤Ãc,20160118,4.88,15.26,34.27,19.53,23.63,13.18,19.13,31.74,2.33,9.87,12.48,167.21
N03,¤¤Ãc,20160120,4.16,66.1,103.42,79.06,119.52,69.18,92.84,91.71,12.53,31.38,43.04,642.69
N03,¤¤Ãc,20160121,4.49,33.2,56.63,38.56,64.24,32.36,57.28,48.02,8.61,21.91,26.2,372.81
N03,¤¤Ãc,20160122,4.82,19.11,57.96,13.64,31.27,15.14,28.27,49.35,2.38,13.58,9.33,225.27
N03,¤¤Ãc,20160123,4.9,23.5,113.95,8.4,25.21,12.59,11.81,102.13,2.94,25.92,6.24,312.57
N03,¤¤Ãc,20160124,4.04,156.6,715.6,115.65,225.08,91.2,142.6,591.3,22.94,141.53,87.84,2155.43
N03,¤¤Ãc,20160128,5.66,30.6,107.31,46.54,49.24,2.19,47.69,97.97,9.23,35.17,91.37,508.82
N03,¤¤Ãc,20160129,4.6,19.07,14.92,19.56,34.9,25.12,28.11,12.48,1.38,5.68,5.89,150.83
N03,¤¤Ãc,20160130,4.96,7.94,9.73,8.21,16.07,10.96,3.66,7.3,¤p©óMDL,3.54,7.73,67.21
N03,¤¤Ãc,20160201,4.9,26.3,129.55,12.14,44.79,12.59,23.95,118.65,2.66,26.91,12.87,384.11
N03,¤¤Ãc,20160202,4.91,18.19,75.17,9.84,31.25,12.3,12.92,67,1.69,15.96,11.88,238.01
N03,¤¤Ãc,20160205,4.16,84.6,379.41,72.63,145.69,69.18,81.83,342.72,16.91,86.42,42.4,1237.19
N03,¤¤Ãc,20160215,4.5,68,210.68,74.67,139.79,31.62,114.38,221.79,16.21,63.44,47.29,919.88
N03,¤¤Ãc,20160218,4.29,43.3,32.36,50.28,89.78,51.29,86.47,29.47,12.15,23.23,35.71,434.5
N03,¤¤Ãc,20160220,3.99,151,381.47,184.42,315.96,102.33,283.81,339.46,26.17,90.17,106.87,1855.38
N03,¤¤Ãc,20160223,6.15,132.6,591.6,153.16,260.03,0.71,160.65,516.12,23.86,140.17,335.72,2218
N03,¤¤Ãc,20160224,4.48,96,457.91,54.24,163.11,33.11,136.75,398.4,18.94,102.83,52.79,1418.08
N03,¤¤Ãc,20160226,4.24,47.6,46.52,60.49,97.56,57.54,91.95,34.81,11.6,24.09,34.2,458.77
N03,¤¤Ãc,20160227,4.5,29.4,35.31,27.35,76.85,31.62,60.15,28.35,3.73,7.16,22.01,292.54
N03,¤¤Ãc,20160228,4.79,13.84,16.81,11.71,32.65,16.22,27.16,11.87,¤p©óMDL,3.21,5.84,125.47
N03,¤¤Ãc,20160309,5.54,53.6,50.79,148.07,131.14,2.88,234.14,33.51,12.89,16.68,148.68,778.78
N03,¤¤Ãc,20160310,4.8,24,82.05,16,38.85,15.85,38.36,73.43,7.93,20.57,11.88,306.21
N03,¤¤Ãc,20160311,4.75,30,131.33,10.81,38.58,17.78,18.46,117.96,7.52,31.68,18.71,394.61
N03,¤¤Ãc,20160312,3.99,86,95.18,108.25,247.05,102.33,158.06,75.61,5.89,30.94,72.92,913.56
N03,¤¤Ãc,20160314,5.03,11.86,26.68,17.64,23.82,9.33,23.17,23.52,1.92,6.99,18.56,152.56
N03,¤¤Ãc,20160316,4.23,42,9.97,46.55,100.83,58.88,77.83,5.52,2.76,6.91,41.26,367.09
N03,¤¤Ãc,20160317,4.55,32.8,20.88,55.41,101.18,28.18,73.9,15.53,1.87,14.47,66.66,394.54
N03,¤¤Ãc,20160318,4.03,67.3,19.13,110.82,112.89,93.33,143.87,11.95,6.48,6.27,39.21,560.3
N03,¤¤Ãc,20160319,4.72,25.9,12.72,62.89,68.44,19.05,113.01,9.15,6.05,7.77,27.09,326.18
N03,¤¤Ãc,20160320,4.13,46.1,12.7,55.45,86.25,74.13,69.58,7.18,0.07,4.41,31.57,341.34
N03,¤¤Ãc,20160321,4.26,52.9,67.89,84.07,97.82,54.95,101.06,66.43,4.9,24.29,46.32,547.73
N03,¤¤Ãc,20160322,4.51,33.5,47.59,47.41,79.16,30.9,62.67,47.89,¤p©óMDL,17.79,45.27,378.69
N03,¤¤Ãc,20160323,4.2,45.7,32.63,66.72,93.96,63.1,90.13,24.63,0.4,8.29,23.58,403.44
N03,¤¤Ãc,20160324,4.67,20.3,59.18,11.08,24.88,21.38,17.19,52.96,6.24,15.96,11.88,221.15
N03,¤¤Ãc,20160325,4.53,34,120.62,21.4,49.54,29.51,29.72,110.03,¤p©óMDL,30.54,24.22,415.57
N03,¤¤Ãc,20160326,4.14,62.7,151.88,48.11,113.86,72.44,58.27,135.46,1.85,35.34,31.14,648.35
N03,¤¤Ãc,20160410,4.54,31.3,17.57,53.33,63,28.84,72.92,18.97,2.13,13.39,55.55,344.43
N03,¤¤Ãc,20160411,4.54,37,44.97,61.42,71.19,28.84,82.83,49.76,2.4,17.95,56.38,434.45
N03,¤¤Ãc,20160412,4.43,29.7,13.43,42.55,49.99,37.15,58.65,11,8.01,7.57,22.75,256.19
N03,¤¤Ãc,20160413,5.24,6.9,8.86,10.4,12.39,5.75,12.75,9.13,¤p©óMDL,n.a.,4.09,63.7
N03,¤¤Ãc,20160414,4.88,12.42,7.36,10.58,16.37,13.18,21.4,7.48,2.74,n.a.,7.53,87.66
N03,¤¤Ãc,20160415,4.57,20.95,8.77,30.24,52.2,26.92,52.33,7.43,5.63,n.a.,10.83,196.82
N03,¤¤Ãc,20160416,4,80.5,31.7,153.34,166.42,100,197.96,22.81,9.74,13.15,44.76,766.95
N03,¤¤Ãc,20160418,4.9,14.21,22.31,17.34,31.38,12.59,29.99,20.09,3.73,n.a.,11.18,149.6
N03,¤¤Ãc,20160419,4.38,35.9,61.98,32.48,66.38,41.69,60.31,57.34,7.09,17.44,27.74,396.98
N03,¤¤Ãc,20160424,5.96,32.6,48.28,100.77,68,1.1,77.83,47.67,23.71,16.98,89.84,488.57
N03,¤¤Ãc,20160425,6.55,15.19,3.67,29.03,31.23,0.28,27.94,4.48,2.51,n.a.,68.26,169.36
N03,¤¤Ãc,20160427,4.75,16.82,8.26,27.59,40.48,17.78,36.31,9.48,3.66,n.a.,17.32,161.56
N03,¤¤Ãc,20160428,5.18,17.52,15.6,33.82,47.83,6.61,32.93,15.35,3.84,¤p©óMDL,41.87,199.3
N03,¤¤Ãc,20160501,6.55,37.3,25.22,108.57,85.1,0.28,64.82,28.88,4.33,17.92,261.34,633.26
N03,¤¤Ãc,20160503,5.18,18.38,14.89,34.95,42.87,6.61,28.83,12.3,4.6,2.06,51.2,200.18
N03,¤¤Ãc,20160511,5.88,7.88,14.78,14.45,18.57,1.32,14.03,13.22,1,n.a.,33.78,111.64
N03,¤¤Ãc,20160516,4.49,16.35,30.38,24.3,32.17,32.36,14.64,26.96,1.2,3.04,23.75,188.8
N03,¤¤Ãc,20160517,5.65,33.2,72.83,70.54,94.79,2.24,87.51,79.85,2.54,43.63,128.44,582.37
N03,¤¤Ãc,20160523,5.74,13.39,9.31,24.16,54.07,1.82,41.3,6.96,1.48,n.a.,54.14,196.49
N03,¤¤Ãc,20160524,5.39,8.05,6.04,21.35,26.65,4.07,33.71,4.43,¤p©óMDL,n.a.,24.2,125.62
N03,¤¤Ãc,20160528,4.68,43.2,25.75,144.46,117.66,20.89,138.86,32.92,0.78,25.84,132.54,662.71
N03,¤¤Ãc,20160603,5.08,9.71,27.25,135.49,110.41,8.32,133.94,23.35,5.37,8.23,110.18,568.59
N03,¤¤Ãc,20160606,5.45,15.03,32.21,41.5,41.81,3.55,30.38,28.3,5.32,11.93,49.35,248.76
N03,¤¤Ãc,20160607,4.48,20.1,13.29,36.13,37.02,33.11,27.39,12,2.66,7.49,14.62,185.23
N03,¤¤Ãc,20160609,4.07,78.8,20.86,262.48,164.12,85.11,164.99,19.38,14.66,51.5,170.88,988.44
N03,¤¤Ãc,20160610,4.1,42.5,11.14,86.75,70.2,79.43,48.35,11.48,8.59,43.71,44.63,433.31
N03,¤¤Ãc,20160611,4.87,11.59,5.11,31.13,24.71,13.49,21.01,3.35,¤p©óMDL,5.84,25.7,131.71
N03,¤¤Ãc,20160612,6.08,6.93,4.99,13.42,10.89,0.83,32.21,3,1.99,3.46,11.58,83.48
N03,¤¤Ãc,20160613,5.52,2.83,1.64,3.6,3.44,3.02,¤p©óMDL,1.7,¤p©óMDL,3.13,7.68,24.2
N03,¤¤Ãc,20160618,5.59,34.6,84.2,65.64,89.92,2.57,95.53,93.95,13.71,60.83,98.68,636.94
N04,´_¿³,20150703,5.72,16.69,28.52,40.32,38.98,1.91,57.38,29.91,2.51,9.46,21.36,232.51
N04,´_¿³,20150725,6.23,5.09,2.28,8.29,7.97,0.59,9.04,1.52,0.74,2.47,28.64,61.55
N04,´_¿³,20150726,6.26,12.69,11.76,28.03,28.48,0.55,52.28,10.3,1.1,5.68,27.4,167.3
N04,´_¿³,20150728,5.59,15.9,13.62,43.06,38.16,2.57,66.3,12.83,1.41,6.5,17.76,204.32
N04,´_¿³,20150827,5.86,5.02,5.87,9.31,12.53,1.38,10.2,4.74,1.53,8.48,25.9,79.94
N04,´_¿³,20150828,5.72,2.16,1.02,3.76,2.27,1.91,n.a.,1.04,1.15,7.65,14.32,33.12
N04,´_¿³,20150829,6.03,11.22,10.83,26.9,24.51,0.93,46.84,8.43,1.99,9.05,27.54,159.08
N04,´_¿³,20150831,5.71,4.98,6.88,10.45,7.58,1.95,1,6.17,1.56,7.65,26.75,70.3
N04,´_¿³,20150903,4.79,14.41,6.15,30.4,26.78,16.22,24.61,4.65,1.38,9.3,21.46,142.48
N04,´_¿³,20150917,6.11,12.67,15.09,42.45,23.53,0.78,15.36,18.87,2.63,13.5,73.5,206.94
N04,´_¿³,20150922,5.67,34.4,16.57,119.02,103.82,2.14,87.79,13.97,6.27,15.96,174.35,569.24
N04,´_¿³,20151002,4.49,28.5,12.24,65.14,60.61,32.36,61.2,13.09,2.07,11.11,36.38,299.66
N04,´_¿³,20151009,5.42,7.27,5.36,17.64,20.36,3.8,16.74,4.39,1.2,8.64,25.7,104.82
N04,´_¿³,20151024,5.59,6.12,6.18,7.06,20.18,2.57,3.66,4.83,1.3,8.48,29.44,83.69
N04,´_¿³,20151114,4.07,88,55.66,220.29,155.97,85.11,206.68,49.61,10.42,18.97,65.49,887.98
N04,´_¿³,20151126,4.95,14.5,29.19,29.18,23.13,11.22,13.25,23.09,1.38,11.44,25.7,168.03
N04,´_¿³,20151206,4.96,13.79,16.25,28.84,26.61,10.96,29.66,12.43,1.53,8.39,16.77,153.45
N04,´_¿³,20151207,5.13,6.18,7.64,7.35,8.04,7.41,3.27,4.83,1,7.49,8.88,55.91
N04,´_¿³,20151210,5.33,4.79,3.05,10.14,6.95,4.68,5.54,1.78,0.82,6.01,6.99,46.35
N04,´_¿³,20151225,4.85,21.1,18.02,56.37,41.83,14.13,45.18,15,2.46,10.62,40.52,246.35
N04,´_¿³,20151228,5.12,6.47,2.79,7.14,13.62,7.59,3.6,1.26,0.64,6.83,10.73,54.2
N04,´_¿³,20160104,5.83,2.26,1.38,2.5,1.79,1.48,n.a.,1.35,1.1,3.13,7.29,20.01
N04,´_¿³,20160107,5.09,6.12,2.23,8.89,9.35,8.13,4.55,1.78,1.13,3.29,6.39,45.72
N04,´_¿³,20160112,5.08,7.87,7.7,11.21,13.45,8.32,6.49,6.39,1.56,4.44,10.28,69.84
N04,´_¿³,20160116,4.94,12.65,6.74,25.47,24.84,11.48,23.51,4.3,1.64,4.61,21.11,124.13
N04,´_¿³,20160118,4.88,11.19,11.11,15.82,16.72,13.18,14.25,9.17,1.46,5.35,8.48,96.76
N04,´_¿³,20160122,4.41,26.1,15.18,28.43,40.41,38.9,26.17,10.91,1.94,6.01,12.77,184.26
N04,´_¿³,20160124,4.66,15.06,10.72,12.71,24.46,21.88,14.97,7.17,1.53,4.53,7.24,107.79
N04,´_¿³,20160129,5.05,7.08,5.05,13.08,11.93,8.91,5.43,2.48,¤p©óMDL,¤p©óMDL,12.52,59.41
N04,´_¿³,20160130,5.43,2.74,2.12,2.9,3.37,3.72,n.a.,,¤p©óMDL,¤p©óMDL,4.09,16.2
N04,´_¿³,20160202,4.94,6.85,2.99,7.37,8.18,11.48,1.5,,¤p©óMDL,¤p©óMDL,4.09,35.61
N04,´_¿³,20160215,4.44,32.6,22.4,49.37,70.78,36.31,66.74,25.25,12.53,21.84,32.38,360.52
N04,´_¿³,20160218,4.47,26.6,8.35,31.63,54.93,33.88,51.61,4.57,3.38,4.28,25.05,217.67
N04,´_¿³,20160220,4.2,63.9,103.38,75.86,124.68,63.1,103.39,96.84,15.8,37.55,53.72,700.01
N04,´_¿³,20160228,4.27,54.3,20.48,80.95,158.6,53.7,118.69,20.9,17.72,23.07,71,589.88
N04,´_¿³,20160314,4.78,10.59,2.76,16.32,18.01,16.6,17.19,1.57,5.86,4.11,9.68,92.09
N04,´_¿³,20160315,5.06,15.55,6.15,21.16,51.68,8.71,58.71,4.13,4.71,3.13,23.8,184.15
N04,´_¿³,20160316,4.86,9.53,2.09,8.58,21.57,13.8,13.64,1.78,6.27,4.94,13.77,86.44
N04,´_¿³,20160319,4.92,16.55,6.68,37.11,37.31,12.02,61.2,3.57,3.61,1.32,17.51,181.75
N04,´_¿³,20160321,5.02,19.83,11.23,46.03,49.3,9.55,74.62,9.17,9.95,8.89,31.39,252.07
N04,´_¿³,20160324,5.06,6.65,3.41,8.93,10.37,8.71,6.82,4,¤p©óMDL,n.a.,3.99,46.24
N04,´_¿³,20160325,4.91,8.04,6.29,5.37,15.59,12.3,7.71,5.22,5.47,5.27,13.87,77.09
N04,´_¿³,20160326,4.76,13.66,5.61,17.64,34.33,17.38,26.17,4.13,1.76,1.65,17.37,126.96
N04,´_¿³,20160411,5.01,27.7,25.87,74.64,78.39,9.77,89.2,28.09,9.87,4.11,43.01,364.81
N04,´_¿³,20160413,4.94,13.41,7.25,29.35,31.79,11.48,41.52,6.48,4.5,n.a.,12.43,146.15
N04,´_¿³,20160414,4.91,13.32,7.14,29.21,31.52,12.3,38.53,6.57,5.09,n.a.,11.48,142.99
N04,´_¿³,20160415,4.92,13.14,7.16,29.11,31.52,12.02,41.63,6.96,5.17,n.a.,12.03,147.06
N04,´_¿³,20160419,4.8,19.74,18.84,41.92,49.95,15.85,63.2,18.26,7.06,¤p©óMDL,16.47,233.34
N04,´_¿³,20160424,4.93,10.11,4.34,17.51,22.42,11.75,28.66,5.13,3.04,n.a.,3.89,97.74
N04,´_¿³,20160429,6.55,13.76,5.56,24.13,35.65,0.28,34.04,5.74,3.07,n.a.,57.53,167.56
N04,´_¿³,20160506,5.12,11.52,7.36,33,43.14,7.59,51.67,7.09,2.53,n.a.,25.75,179.07
N04,´_¿³,20160511,5.66,5.84,3.19,15.68,16.39,2.19,15.08,3.17,¤p©óMDL,n.a.,24.15,79.84
N04,´_¿³,20160526,6.16,7.3,3.33,21.61,19.28,0.69,14.75,2.35,¤p©óMDL,n.a.,39.57,102.16
N04,´_¿³,20160527,4.26,43.1,9.18,95.79,84.66,54.95,76.31,13.09,-0.89,19.34,89.04,462.77
N04,´_¿³,20160528,4.59,16.99,3.7,28.38,34.52,25.7,33.54,2.43,¤p©óMDL,n.a.,15.12,144.45
N04,´_¿³,20160531,5.76,21.8,43.01,60.29,58.51,1.74,78,44.7,3.94,8.06,35.93,338.73
N04,´_¿³,20160603,5.2,22.3,39.77,58.69,57.57,6.31,67.41,38.74,6.14,17.61,32.19,327.21
N04,´_¿³,20160606,5.2,6.64,4.15,17.29,16.74,6.31,12.92,3.74,¤p©óMDL,5.02,15.77,82.25
N04,´_¿³,20160610,4.75,11.22,3.24,27.11,22.63,17.78,16.85,2.3,¤p©óMDL,5.43,18.36,114.51
N04,´_¿³,20160611,5.74,6.3,4.77,20.24,12.08,1.82,4.66,5.65,1.82,4.28,30.34,86.08
N04,´_¿³,20160613,5.63,2.14,2.12,3.4,2,2.34,n.a.,2.65,1.89,4.53,5.49,24.42
N04,´_¿³,20160615,5.59,3.66,5.61,10.16,3.33,2.57,2.38,4.48,¤p©óMDL,4.11,9.73,42.38
N04,´_¿³,20160618,4.99,10.62,12.97,19.47,23.57,10.23,25.06,12.48,2.48,5.51,10.53,122.76
N04,´_¿³,20160621,4.94,8.39,3.81,17.84,14.89,11.48,13.64,2.91,¤p©óMDL,4.61,9.08,78.54
N04,´_¿³,20160629,4.84,13.01,7.25,32.77,26.13,14.45,33.32,6.04,2.63,7.16,11.48,142.65
N04,´_¿³,20160630,4.7,12.63,7.05,22.19,24.63,19.95,20.68,5.87,¤p©óMDL,4.94,7.49,113.74
N05,·s«Î,20150817,5.67,8.84,32.18,10.68,11.97,2.14,18.85,28.09,1.87,12.1,16.57,134.76
N05,·s«Î,20150826,4.85,15.44,20.82,20.68,37.79,14.13,25.61,16.96,1.74,15.14,25.6,179.94
N05,·s«Î,20150827,5.18,6.39,3.86,13.92,8.93,6.61,9.15,3,1.3,8.72,12.67,68.75
N05,·s«Î,20150828,5.08,8.89,13.74,14.24,14.68,8.32,10.92,11.13,1.94,10.04,14.07,100.45
N05,·s«Î,20150901,6.05,6.4,9.67,11,11.97,0.89,8.04,7.96,1.3,9.46,35.53,96.2
N05,·s«Î,20150902,5.77,6.25,8.46,12.89,12.53,1.7,5.04,7.26,1.3,9.79,28.99,87.97
N05,·s«Î,20150907,5.26,27.3,52.41,64.01,63.27,5.5,68.91,48.57,3.12,23.86,63.22,396.11
N05,·s«Î,20150921,6.25,103,82.08,286.18,254.38,0.56,190.73,84.47,14.81,61.01,584.02,1617.15
N05,·s«Î,20150928,4.05,184.3,1002.52,103.06,254.34,89.13,175.72,822.92,26.95,196,92.66,2763.29
N05,·s«Î,20150930,6.47,149.2,1195.1,5.43,123.03,0.34,n.a.,1086.04,28.89,257.51,115.24,2811.57
N05,·s«Î,20151012,5.8,8.2,16.53,15.74,20.03,1.58,7.87,13.43,1.05,9.63,25.45,111.71
N05,·s«Î,20151023,5.52,199.9,1085.56,217.17,424.57,3.02,272.51,891.64,35.5,227.27,354.3,3511.54
N05,·s«Î,20151024,6.58,69.3,326.37,48.75,128.94,0.26,70.87,295.94,12.89,85.51,213.58,1199.56
N05,·s«Î,20151112,6.29,13.3,37.66,18.11,23.36,0.51,19.35,30.96,1.69,13.25,40.77,186.37
N05,·s«Î,20151123,6.39,10.55,11.14,16.34,17.39,0.41,28.83,6.52,1.23,8.97,42.91,137.34
N05,·s«Î,20151206,5.38,53.8,327.54,21.38,62.15,4.17,50.46,287.15,9.87,81.94,55.35,900
N05,·s«Î,20151210,5.34,12.92,54.47,11.64,18.34,4.57,4.6,46.65,1.74,15.06,20.06,177.66
N05,·s«Î,20151225,5.83,29.6,164.75,15.21,47.06,1.48,26.55,150.09,4.76,35.96,33.18,482.13
N05,·s«Î,20151228,4.57,36.5,91.26,37.89,72.18,26.92,40.02,85.89,8.62,30.21,44.78,437.77
N05,·s«Î,20160103,5.08,39.2,133.74,75.6,66.77,8.32,48.89,137.2,13.16,43.01,73.95,600.63
N05,·s«Î,20160104,6.16,8.36,10.46,8.48,23.01,0.69,21.79,8.57,1.51,6.17,32.04,115.1
N05,·s«Î,20160107,5.08,8.59,21.3,6.52,13.95,8.32,4.55,19.22,1.38,7.16,5.29,87.67
N05,·s«Î,20160111,4.93,11.07,22.93,7.24,17.49,11.75,6.99,20.04,1.59,7.24,5.84,101.11
N05,·s«Î,20160112,5.55,15.33,60.39,17.01,28.73,2.82,14.19,54.61,2.61,16.21,27.45,225.43
N05,·s«Î,20160118,4.92,17.78,45.16,25,28.61,12.02,20.23,40.35,2.4,13.74,21.91,209.97
N05,·s«Î,20160121,4.6,93.4,475.4,60.12,135.4,25.12,103.9,406.78,17.65,100.04,71.1,1418.56
N05,·s«Î,20160122,4.68,25.7,93.08,16.4,44.51,20.89,24.84,82.13,2.63,19.34,16.57,320.4
N05,·s«Î,20160123,4.94,45.6,270.32,11.26,55.91,11.48,15.7,246.78,5.81,61.98,27.38,706.63
N05,·s«Î,20160124,3.98,518,2639.8,577.01,799.7,104.71,434.94,2457.59,135.06,705.86,788.11,8642.78
N05,·s«Î,20160129,4.47,24.8,37.82,34.05,43,33.88,15.86,34.3,¤p©óMDL,9.22,27.2,235.32
N05,·s«Î,20160130,5.02,7.73,19.12,5.87,11.83,9.55,n.a.,16.65,¤p©óMDL,4.36,8.08,75.47
N05,·s«Î,20160202,4.64,60.3,327.25,13.84,74.08,22.91,35.41,290.56,14.45,79.12,43.17,900.78
N05,·s«Î,20160205,4.25,89.9,377.11,69.88,116,56.23,64.33,332.63,15.8,86.05,55.96,1199.09
N05,·s«Î,20160215,4.79,28.2,91.13,26.8,49.8,16.22,42.47,78.52,4.45,23.95,24.55,360
N05,·s«Î,20160218,5.56,60.3,172.21,75.25,169.8,2.75,123.93,157.06,17.96,59.13,156.03,957.32
N05,·s«Î,20160224,4.51,285,1637.41,141.04,465.71,30.9,294.26,1466.72,80.14,421.68,310.86,4848.71
N05,·s«Î,20160226,4.6,34.5,34.63,53.09,102.16,25.12,97.47,31.16,4.23,12.97,53.56,414.4
N05,·s«Î,20160228,4.64,25,62.67,17.32,50.97,22.91,33.37,55.26,7.03,18.93,19.11,288.9
N05,·s«Î,20160309,4.7,64.9,83.77,159.68,146.68,19.95,249.54,65.08,19.04,24.42,106.32,902.38
N05,·s«Î,20160310,4.85,38.6,187.17,20.33,55.27,14.13,45.93,179.4,7.68,44.93,28.7,583.54
N05,·s«Î,20160311,4.73,65.8,385.63,14.51,72.03,18.62,33.06,385.31,5.71,88.52,30.58,1033.97
N05,·s«Î,20160314,4.63,20.6,43.41,17.68,29.02,23.44,24.06,37.91,6.62,13.82,14.52,211.48
N05,·s«Î,20160318,4.34,41.7,31.04,64.96,76.18,45.71,90.57,28.85,3.26,15.46,55.21,427.79
N05,·s«Î,20160319,4.37,35,14,58.13,63.79,42.66,89.32,10.32,2.23,6.91,29.41,316.77
N05,·s«Î,20160321,4.63,38.8,75.92,72.65,70.28,23.44,98.96,74.77,9.56,23.69,41.68,490.94
N05,·s«Î,20160322,4.61,43.2,115.81,56.82,92.45,24.55,81.02,114.76,5.73,32.7,46.97,570.79
N05,·s«Î,20160323,5.68,9.2,14.02,10.55,25.76,2.09,42.47,11.74,4.09,¤p©óMDL,7.19,118.52
N05,·s«Î,20160324,4.79,33.3,155.22,13.08,39.2,16.22,21.36,165.94,1.74,46.93,23.86,483.56
N05,·s«Î,20160325,4.51,76.2,388.46,33.27,90.52,30.9,48.54,395.45,5.62,93.37,31.24,1117.35
N05,·s«Î,20160326,4.29,92,358.25,73.19,145.47,51.29,81.52,366.47,8.77,87.85,56.31,1255.57
N05,·s«Î,20160411,4.71,25,32.03,43.56,54.9,19.5,60,28.99,5.32,13.05,41.8,299.14
N05,·s«Î,20160412,6.26,20.8,23.78,50.04,53.09,0.55,50.28,17.43,6.11,8.64,67.71,281.01
N05,·s«Î,20160413,5.23,10.54,31.76,11.97,17.09,5.89,22.51,28.17,3.96,¤p©óMDL,10.38,132.79
N05,·s«Î,20160414,4.82,14.18,18.25,17.53,29.61,15.14,26.83,16.48,3.76,n.a.,11.03,139.83
N05,·s«Î,20160415,4.75,20.2,11.93,33.77,52.2,17.78,56.88,8.87,6.85,n.a.,18.46,209.29
N05,·s«Î,20160418,4.7,19.46,38.28,22.08,37.31,19.95,37.86,32.35,5.27,4.85,11.23,210.31
N05,·s«Î,20160419,4.8,24,75.88,18.77,44.87,15.85,41.47,65.04,6.55,14.07,17.56,302.31
N05,·s«Î,20160425,4.61,21.7,9.28,52.9,40.37,24.55,62.15,9.13,5.32,n.a.,16.02,221.88
N05,·s«Î,20160428,4.35,32.5,21.26,49.48,72.99,44.67,52.53,22.33,3.9,11.11,29.62,307.88
N05,·s«Î,20160503,4.65,23.5,30.91,42.14,44.95,22.39,44.46,26,7.14,3.29,27.15,250.25
N05,·s«Î,20160511,5.18,13.33,67.16,13.58,21.82,6.61,17.3,57.48,2.51,8.8,13.57,209.41
N05,·s«Î,20160523,4.92,14.8,14.78,30.11,46.12,12.02,45.51,12.39,4.3,8.56,21.16,197.27
N05,·s«Î,20160607,6.43,25.1,27.92,61.62,53.36,0.37,31.32,26.39,3.45,13.91,53.74,273.77
N05,·s«Î,20160610,6.42,26.6,8.41,47.27,32.81,0.38,25.22,6.91,3.32,7.65,91.37,225.61
N05,·s«Î,20160613,5.84,3.29,4.65,4.4,5.12,1.45,2.05,4.35,¤p©óMDL,3.21,13.17,38.41
N05,·s«Î,20160614,5.78,4.12,10.04,5.42,5.89,1.66,2.66,9.3,¤p©óMDL,4.11,10.03,49.12
N05,·s«Î,20160629,6.07,7.3,13.34,14.61,10.18,0.85,14.36,11.26,2.2,5.51,21.41,95.69
N05,·s«Î,20160630,5.22,14.29,35.09,24.21,26.07,6.03,43.63,29.17,3.94,9.3,11.53,190.89
N06,Äª¦Ë,20150710,6.04,49.2,294.15,21.49,64.61,0.91,n.a.,322.9,14.45,70.58,60.8,849.89
N06,Äª¦Ë,20150711,5.84,72.9,478.62,15.55,80.1,1.45,70.47,451.45,17.34,108.64,39.6,1263.22
N06,Äª¦Ë,20150719,4.89,29.7,34.86,81.48,65.27,12.88,66.14,37.65,2.92,14.07,53.94,371.6
N06,Äª¦Ë,20150807,6.55,31.4,69.39,59.07,70.02,0.28,12.99,69.42,6.1,21.87,224.91,561.51
N06,Äª¦Ë,20150824,6.04,38.5,205.58,20.88,61.35,0.91,29.64,188.82,8.4,57.99,96.6,670.17
N06,Äª¦Ë,20150825,5.36,12.09,15.82,19.37,35.73,4.37,23.45,12.96,1.74,11.44,33.28,159
N06,Äª¦Ë,20150827,5.51,7.83,5.92,18.24,21.05,3.09,19.18,3.65,1.38,8.39,28.34,111.26
N06,Äª¦Ë,20150831,5.86,7.74,17.83,11.27,18.26,1.38,16.91,14.83,1.51,11.03,21.41,115.92
N06,Äª¦Ë,20150901,5.99,10.35,17.91,11.03,34.96,1.02,21.23,12.91,1.64,11.44,41.87,156.2
N06,Äª¦Ë,20150902,5.19,11.99,20.7,24.24,26.9,6.46,15.25,21.3,1.76,14.4,30.29,162.51
N06,Äª¦Ë,20150907,5.17,10.41,14.47,21.18,24.74,6.76,21.51,12.26,1.89,9.55,30.24,143.68
N06,Äª¦Ë,20150916,5.55,8.2,23.95,8.4,12.06,2.82,n.a.,22.65,1.48,11.93,25.6,111.35
N06,Äª¦Ë,20150925,4.76,88,124.34,293.44,196.62,17.38,130.76,143.05,14.21,56.57,315.24,1325.67
N06,Äª¦Ë,20150929,6.19,133,846.69,70.24,201.2,0.65,143.54,707.57,24.32,191.57,187.18,2372.97
N06,Äª¦Ë,20151010,5.56,15.44,62.05,18.26,25.96,2.75,11.81,54.78,2.23,17.36,29.84,226.05
N06,Äª¦Ë,20151012,4.13,129.3,207.14,315.99,314.3,74.13,219.91,176.03,16.56,85.69,266.7,1701.28
N06,Äª¦Ë,20151023,4.22,116.4,451.6,107.18,231.62,60.26,114.14,400.96,17.3,109.4,89.57,1582.03
N06,Äª¦Ë,20151024,4.76,62.4,284.05,43.12,124.61,17.38,49.1,257.52,12.5,80.28,71.28,939.83
N06,Äª¦Ë,20151102,4.57,145.4,889.53,146.15,167.63,26.92,95.08,776.86,22.82,181.86,172.49,2497.14
N06,Äª¦Ë,20151112,5.92,43.6,168.3,78.4,66.31,1.2,51.69,162.34,8.56,57.65,159.13,753.58
N06,Äª¦Ë,20151130,5.43,53,268.59,68.1,68.98,3.72,11.49,259.49,9.49,65.15,113.06,868.07
N06,Äª¦Ë,20151203,4.15,94.4,270.31,110.49,180.82,70.79,141.51,238.05,14.38,63.05,80.19,1169.6
N06,Äª¦Ë,20151207,5.55,54,327.83,16.51,54.21,2.82,18.23,300.68,7.13,72.89,42.55,842.85
N06,Äª¦Ë,20151210,5.39,19.9,106.76,8.55,24.07,4.07,8.09,93.3,2.25,24.69,14.77,287.06
N06,Äª¦Ë,20151225,5.48,45.3,206.72,60.32,75.68,3.31,37.84,189.29,6.67,46.96,95.46,722.24
N06,Äª¦Ë,20151228,5.19,34.4,134.73,31.57,76.97,6.46,44.92,126.55,6.58,33.34,63.47,524.6
N06,Äª¦Ë,20151230,5.85,52.6,298.52,28.78,78.77,1.41,30.83,271.34,7.39,66.02,92.69,875.77
N06,Äª¦Ë,20160104,6.23,11.1,5.58,9.73,60.13,0.59,26.11,11.17,3.66,26.33,57.53,205.94
N06,Äª¦Ë,20160106,5.35,12.56,2.85,3.64,2.44,4.47,1.44,2.78,1.38,3.46,6.34,30.22
N06,Äª¦Ë,20160107,5.89,5.61,1.78,3.97,7.12,1.29,6.54,6.83,1.51,3.04,6.29,39.94
N06,Äª¦Ë,20160108,4.37,57.7,154.43,41.76,120.95,42.66,64.62,133.34,10.29,38.76,65.34,672.14
N06,Äª¦Ë,20160111,4.7,23.2,47.98,26.85,14.24,19.95,12.14,54.7,2.46,14.73,13.22,211.44
N06,Äª¦Ë,20160113,4.3,67,241.6,30.82,103.54,50.12,47.77,214.86,11.04,54.6,33.09,787.43
N06,Äª¦Ë,20160114,3.8,157,366.81,150.41,276.97,158.49,162.52,317.36,18.68,82.31,114.01,1647.55
N06,Äª¦Ë,20160116,4.02,108.3,241.27,153.85,203.23,95.5,183.01,229.67,18.05,63.2,67.66,1255.44
N06,Äª¦Ë,20160118,4.64,20.2,58.56,23.59,27.28,22.91,8.93,53.22,¤p©óMDL,12.26,15.37,222.11
N06,Äª¦Ë,20160120,4.15,82.3,183.32,106.39,169.49,70.79,124.23,166.14,15.9,51.1,83.59,970.95
N06,Äª¦Ë,20160121,4.5,36.8,120.92,30.48,57.6,31.62,35.01,110.18,11.95,37.57,34.69,470.03
N06,Äª¦Ë,20160122,4.87,26.7,144.78,10.89,28.96,13.49,8.87,132.3,3.07,29.87,12.67,388.97
N06,Äª¦Ë,20160124,4.66,58.8,323.16,22.01,67.51,21.88,32.27,290.74,14.77,78.21,41.37,891.91
N06,Äª¦Ë,20160129,4.63,16.34,34.19,13.02,28.46,23.44,10.15,28.7,¤p©óMDL,7.08,11.53,156.55
N06,Äª¦Ë,20160130,5.06,11.12,47.13,8.58,12.55,8.71,n.a.,42.61,¤p©óMDL,9.46,9.43,138.48
N06,Äª¦Ë,20160201,4.37,92.3,491.97,36.58,108.99,42.66,55.01,431.66,17.76,107.76,40.56,1332.94
N06,Äª¦Ë,20160202,4.6,65,370.7,14.32,71.26,25.12,32.73,329.04,14.87,85.76,30.55,974.36
N06,Äª¦Ë,20160215,4.43,74.2,298.55,60.02,122.32,37.15,93.01,263.98,16.18,71.1,52.75,1015.07
N06,Äª¦Ë,20160218,4.26,76.8,217.64,66.25,153.62,54.95,108.63,193.3,15.36,57.34,66.32,957
N06,Äª¦Ë,20160223,4.59,89.3,431.13,80.04,121.27,25.7,84.73,383.53,18.28,99.22,95.7,1339.6
N06,Äª¦Ë,20160224,4.48,117.6,669.82,41.16,153.37,33.11,96.17,566.64,21.93,143.52,63.77,1789.51
N06,Äª¦Ë,20160226,4.4,39.4,69.58,33.34,81.04,39.81,53.01,62.45,11.64,29.69,36.62,417.19
N06,Äª¦Ë,20160227,4.56,29.9,68.51,22.77,61.82,27.54,39.86,59.52,2.99,14.73,21.56,319.31
N06,Äª¦Ë,20160311,4.55,84.1,485.69,23.67,92.27,28.18,41.11,481.11,9.18,113.77,34.39,1309.38
N06,Äª¦Ë,20160314,5.04,18.67,74.8,15.21,26.48,9.12,17.91,66.22,6.78,18.76,25.6,262.14
N06,Äª¦Ë,20160316,4.61,28.3,9.39,36.59,77.08,24.55,68.52,6.39,9.13,10.2,48,292.72
N06,Äª¦Ë,20160321,4.46,42.1,38.29,82.03,84.89,34.67,111.75,36.93,4.12,16.65,65.68,475.02
N06,Äª¦Ë,20160322,5.27,18.12,60.25,29.69,28.5,5.37,16.69,58.17,6.39,18.51,37.33,262.69
N06,Äª¦Ë,20160323,4.63,21.1,29.45,31.72,39.96,23.44,36.26,26.7,5.91,2.8,18.66,215.96
N06,Äª¦Ë,20160324,5.15,31.7,175.1,13.64,39.48,7.08,24.17,171.66,6.26,44.11,24.39,505.88
N06,Äª¦Ë,20160325,4.5,86.9,490.45,37.06,99.46,31.62,55.97,451.87,10.29,104.67,32.5,1313.89
N06,Äª¦Ë,20160326,4.22,91.4,370.37,70.42,134.98,60.26,70.51,350.26,11.27,84.09,54.36,1206.52
N06,Äª¦Ë,20160411,4.95,28.6,55.12,58.27,60.9,11.22,54.5,45.39,8.18,15.06,53.39,364.11
N06,Äª¦Ë,20160412,4.76,15.23,11.56,25.98,31.02,17.38,29.33,10.87,3.99,n.a.,16.07,147.3
N06,Äª¦Ë,20160413,5.12,10.19,9.31,14.93,25.09,7.59,27,9.22,2.81,n.a.,10.78,108.51
N06,Äª¦Ë,20160414,5.03,9.47,12.72,10.4,18.34,9.33,19.13,11.13,2.35,n.a.,6.64,91.54
N06,Äª¦Ë,20160415,4.58,23,10.27,33.93,49.12,26.3,52.5,8.61,6.37,n.a.,19.61,209.15
N06,Äª¦Ë,20160418,4.69,26.8,48.06,36.27,57.76,20.42,64.58,40.83,8.21,8.64,31.39,318.22
N06,Äª¦Ë,20160419,4.6,52.8,234.54,31.41,68.26,25.12,62.52,218.84,9.03,52.68,29.42,731.83
N06,Äª¦Ë,20160425,4.48,23.2,7.36,35.53,36.54,33.11,41.86,6.87,3.02,n.a.,13.07,179.8
N06,Äª¦Ë,20160427,4.49,24.3,11.2,26.16,44.47,32.36,31.43,11.13,2.25,n.a.,12.77,171.78
N06,Äª¦Ë,20160502,4.73,27.1,20.82,66.72,58.63,18.62,68.8,26.91,6.16,5.27,38.47,315.01
N06,Äª¦Ë,20160503,4.5,27.85,21.41,31.66,48.39,31.62,49.84,19.09,6.39,n.a.,20.61,230.63
N06,Äª¦Ë,20160510,5.49,26.2,81.94,50.16,63.65,3.24,69.24,75.43,5.14,15.22,37.43,405.17
N06,Äª¦Ë,20160511,5.22,8.9,30.58,12,19.36,6.03,17.02,26.74,1.48,2.39,11.28,126.87
N06,Äª¦Ë,20160516,4.54,62.4,339.77,39.59,75.88,28.84,n.a.,357.18,10.49,84,36.37,972.12
N06,Äª¦Ë,20160523,5.14,15.93,31.73,38.61,44.27,7.24,33.76,27.65,2.05,3.95,40.02,230.78
N06,Äª¦Ë,20160524,4.7,15.73,11.4,27.98,39.04,19.95,37.92,9.17,1.76,n.a.,14.07,162.87
N06,Äª¦Ë,20160603,4.93,10.05,12.83,18.22,25.53,11.75,23.84,12.3,¤p©óMDL,n.a.,7.58,113.75
N06,Äª¦Ë,20160607,4.53,20.2,14.89,29.63,43.22,29.51,28.27,13,2.61,6.5,18.71,188.01
N06,Äª¦Ë,20160613,6.1,6.65,5.19,14.6,12.45,0.79,17.57,4.04,1.94,4.44,21.11,83.83
N06,Äª¦Ë,20160614,5.09,19.22,73.79,28.55,26.69,8.13,34.09,63.3,6.73,16.38,16.77,276.72
N06,Äª¦Ë,20160615,5.77,7.63,18.84,10.27,18.76,1.7,19.68,16.87,2.02,6.91,13.37,108.91
N06,Äª¦Ë,20160629,4.66,24.8,30.27,52.42,50.51,21.88,45.35,26.78,5.27,13.66,34.68,282.62
N07,¤j¶é,20150710,7.19,42.9,163.01,11.34,46.42,0.06,22.9,151.2,10.43,41.77,205.3,652.42
N07,¤j¶é,20150711,6.5,55.1,340.08,12.58,60.27,0.32,44.63,321.22,13.87,81.73,66.3,940.99
N07,¤j¶é,20150720,6.59,21.6,35.88,49.85,31.44,0.26,33.76,27.39,3.84,14.07,91.87,290.32
N07,¤j¶é,20150825,5.78,8.35,10.07,11.93,25.26,1.66,11.7,7.96,1.28,9.96,34.23,114.04
N07,¤j¶é,20150827,6.29,6.5,3.41,9.47,10.41,0.51,15.58,2.39,1.18,8.64,36.18,89.92
N07,¤j¶é,20150828,6.02,10.56,9.67,24.85,27.59,0.95,30.32,6.26,1.33,10.86,45.11,159.51
N07,¤j¶é,20150831,5.93,12.96,41.49,14.18,30.65,1.17,18.74,35.91,1.92,16.21,40.22,202.43
N07,¤j¶é,20150901,5.87,7.57,12.83,8.37,23.22,1.35,17.8,10.7,1.43,10.78,27.59,114.7
N07,¤j¶é,20150907,5.22,8.77,13.12,17.74,22.26,6.03,16.8,10.74,1.46,10.37,24.4,123.84
N07,¤j¶é,20150916,6.61,18.97,65.58,20.63,30.27,0.25,16.58,57.65,1.87,19.5,84.18,297.91
N07,¤j¶é,20151009,5.3,12.52,31.84,21.89,28.57,5.01,13.58,27.43,1.97,12.43,32.53,176.29
N07,¤j¶é,20151010,6.49,25.3,141.93,5.98,23.28,0.32,7.26,125.43,3.45,29.87,41.27,379.22
N07,¤j¶é,20151011,4.83,44.2,57.29,116.76,126.64,14.79,83.08,43.37,7.83,32.32,164.07,668.19
N07,¤j¶é,20151024,6.41,40.3,191.41,24.79,68.71,0.39,29.92,179.64,9.39,69.28,133.64,707.16
N07,¤j¶é,20151025,6.58,89.4,398.59,60.24,204.39,0.26,112.36,363.71,16.71,112.71,208.58,1477.57
N07,¤j¶é,20151102,5.97,165.6,1185.56,100.87,216.81,1.07,161.9,966.98,28.67,240.36,224.7,3126.92
N07,¤j¶é,20151112,6.16,20,82.36,19.9,36.1,0.69,17.52,71.61,2.51,22.71,44.31,298.54
N07,¤j¶é,20151122,6.31,13.25,21.97,14.98,30.9,0.49,28.99,13.39,1.43,11.11,51.95,179.02
N07,¤j¶é,20151130,5.57,38.4,204.29,29.3,55.5,2.69,36.31,187.68,6.89,54.76,81.26,658.69
N07,¤j¶é,20151203,6.24,76.9,323.56,86.04,160.5,0.58,134.94,281.71,15.18,82.21,213.96,1298.67
N07,¤j¶é,20151206,6.33,62.8,384.79,26.83,72.83,0.47,62.16,345.29,11.68,96.82,124.78,1125.65
N07,¤j¶é,20151207,6.06,72.6,497.37,18.6,73.1,0.87,56.27,452.88,12.52,125.15,89.62,1326.38
N07,¤j¶é,20151210,5.43,22.5,131.19,8.4,26.67,3.72,6.1,114.65,2.69,29.62,18.16,341.79
N07,¤j¶é,20151212,4.74,152.2,767.54,215.38,253,18.2,170.18,670.83,20.56,153.13,201.66,2470.48
N07,¤j¶é,20151212,4.74,152.2,767.54,215.38,253,18.2,170.18,670.83,20.56,153.13,201.66,2470.48
N07,¤j¶é,20151225,5.93,33.9,194.83,20.97,41.31,1.17,24.79,183.67,5.85,45.98,46.58,565.15
N07,¤j¶é,20151226,4.72,23.2,38.67,24.87,53.09,19.05,23.01,33,1.48,14.15,28.19,235.87
N07,¤j¶é,20151227,4.72,23.6,39.09,24.89,53.61,19.05,26.5,33.7,1.59,14.4,28.59,241.88
N07,¤j¶é,20151228,4.48,89.1,368.93,80.8,139.3,33.11,103.95,336.55,11.6,78.74,53.22,1206.21
N07,¤j¶é,20151230,4.95,150.1,986.5,55.62,220.6,11.22,114.1,805.44,19.1,180.06,103.58,2496.22
N07,¤j¶é,20160103,4.91,17.58,87.47,11.14,38.6,12.3,15.02,76.22,2.71,19.42,4.24,269.13
N07,¤j¶é,20160104,5.65,8.16,43.52,7.48,29.54,2.24,11.25,34.83,1.79,10.45,¤p©óMDL,142.9
N07,¤j¶é,20160106,5.05,10.53,35.96,6.24,24.63,8.91,7.43,29.83,1.69,9.13,2.94,128.56
N07,¤j¶é,20160107,5.61,6.98,9.56,3.44,9.56,2.45,0.78,5.87,1.2,3.95,¤p©óMDL,38.28
N07,¤j¶é,20160108,4.19,79.4,217.36,51.89,155.85,64.57,87.37,190.9,12.23,51.71,52.08,883.95
N07,¤j¶é,20160112,5.16,11.21,43.66,6.18,17.26,6.92,5.93,39,1.84,11.6,9.43,141.83
N07,¤j¶é,20160113,4.42,63.9,254.85,38.1,98.06,38.02,46.75,224.21,11.48,60.24,51.64,823.33
N07,¤j¶é,20160114,3.92,205,530.37,303.55,459.94,120.23,297.26,492.07,60.4,186.05,355.07,2804.93
N07,¤j¶é,20160116,5.69,70.1,186.71,141.78,171.47,2.04,132.28,196.87,15.26,65.01,185.22,1096.63
N07,¤j¶é,20160118,4.84,18.9,64.65,24.42,26.5,14.45,10.75,58.22,1.89,14.81,21.76,237.46
N07,¤j¶é,20160119,5.67,124,467.39,203.13,289.95,2.14,193.14,413.57,24.04,121.36,314.29,2029
N07,¤j¶é,20160121,4.7,53.5,222.74,42.44,88.12,19.95,61.21,197.77,15.22,61.23,63.86,772.54
N07,¤j¶é,20160122,5.09,23.8,125.63,10.9,31.27,8.13,10.09,113.04,2.99,26,18.81,346.88
N07,¤j¶é,20160123,4.97,46.7,285.45,8.04,44.97,10.72,18.21,257.23,12.7,73.48,29.28,740.07
N07,¤j¶é,20160124,4.21,257,1388.22,139.55,346.06,61.66,184.34,1255.67,65.56,378.06,282.03,4101.15
N07,¤j¶é,20160129,4.73,15.95,43.1,16.47,27.34,18.62,6.87,38.91,¤p©óMDL,9.71,12.57,173.6
N07,¤j¶é,20160130,5,12.23,50.01,9.56,15.72,10,n.a.,44.65,¤p©óMDL,10.53,9.18,149.66
N07,¤j¶é,20160201,4.8,102.4,683.61,15.17,108.97,15.85,54.34,573.08,20.16,141.83,54.81,1667.82
N07,¤j¶é,20160202,4.69,69.7,419.22,13.67,75.31,20.42,32.44,367.09,15.91,95.45,37.25,1076.75
N07,¤j¶é,20160204,4.77,63.7,242.24,60.42,137.46,16.98,74.7,217.5,16.77,70.36,108.7,945.14
N07,¤j¶é,20160205,4.85,43.5,215.97,27.56,57.71,14.13,34.4,195.45,12.76,59.35,43.26,660.59
N07,¤j¶é,20160211,6.61,146.3,566.51,215.95,311.68,0.25,214.01,476.65,32.41,139.44,452,2445.84
N07,¤j¶é,20160214,4.86,19.83,32.41,25.98,50.18,13.8,45.07,27.3,2.69,7.65,21.76,226.84
N07,¤j¶é,20160215,4.96,53.5,291.68,24.51,67.5,10.96,53.91,257.35,14.86,74.75,37.97,833.5
N07,¤j¶é,20160218,4.43,43.3,44.04,49.47,130.44,37.15,67.33,36.24,12.15,27.4,86.72,514.76
N07,¤j¶é,20160219,5.28,37.5,197.46,21.68,62.42,5.25,39.73,183.66,6.47,56.79,45.11,618.58
N07,¤j¶é,20160223,6.2,87,403.39,80.84,153.72,0.63,116.23,350.76,20.23,105.86,196.55,1428.21
N07,¤j¶é,20160224,5.43,145.2,986.9,48.26,194.5,3.72,136.55,790.53,28.51,204.47,113.74,2507.18
N07,¤j¶é,20160226,4.45,53.2,133.99,49.57,121.86,35.48,84.94,116.84,13.62,42.21,59.1,657.61
N07,¤j¶é,20160227,4.42,44.5,67.08,35.26,128.45,38.02,69.81,59.73,13.43,30.44,63.29,505.51
N07,¤j¶é,20160228,5.99,14.54,59.66,8.89,29.57,1.02,9.04,56.61,¤p©óMDL,13.99,29.54,208.31
N07,¤j¶é,20160310,4.88,51.2,299.03,15.7,60.44,13.18,34.19,276.28,9.55,67.88,31.12,807.38
N07,¤j¶é,20160311,4.68,87.7,519.05,18.79,87.91,20.89,30.84,524.75,4.07,124.04,35.73,1366.06
N07,¤j¶é,20160314,5.08,19.41,81.97,13.81,27.46,8.32,25.72,73.7,4.58,10.86,9.68,256.51
